,acc,f1,recall,precision
dt,0.574,0.5056557322507258,0.5845129305379009,0.5075734788948474
svm,0.112,0.12421905543826726,0.22469901422107305,0.1989860561237582
mlp,0.18,0.10130707876070462,0.20648275335775335,0.0684965010819023
forest,0.6,0.5421441618970092,0.6775077606545974,0.5374452376269001
catboost,0.588,0.5337446258957919,0.6783626309756392,0.5311411671282296
